"transect_ID","compensation_factor"
"tree_8",1.7241379312
"tree_7",1.8823529412
"pap_6",1
"pap_5",1
"tree_6",0.588235294
"tree_5",2.2352941176
"pap_4",1
"pap_3",1
"tree_4",1.6875
"tree_3",1.6279069768
"tree_2",1.4166666668
"tree_1",1.5384615384
"pap_2",1
"pap_1",1
